building_id,mean_temp,std_temp,pct_above_18,pct_below_15
10029,10.619285154916165,6.314876665775762,18.25563221896085,74.51301795448481
10031,12.51318582384655,6.277255449021692,24.065344842824736,66.36419880387709
