building_id,mean_temp,std_temp,pct_above_18,pct_below_15
10000,14.014424933211892,6.36752632564244,30.95005605583885,55.509746482948174
10009,11.005652396716734,5.8101556831084356,16.68006834857775,74.94848728515429
