building_id,mean_temp,std_temp,pct_above_18,pct_below_15
10056,14.220750276403168,6.179434424979022,31.767059586893048,57.05634259759922
10064,12.723481313402244,6.964215891869854,28.821521314153998,62.72478822007606
